id,name,type,category,level,chapter,pdf_page,figures,description,idea,spice,tw_sourcing,note,netlist,sim_result
1,四輸出切換式桌上電源,專案,電源,中階,7,323,7.58–7.63,三組正電壓輸出可各自在 3.3–20 V、最高 1 A 調整，另有一組約 250 mA 負電壓；以切換式穩壓 IC（LM2575 系列、負壓用 LM2673T 降壓-升降壓）組成，共用一顆 25 V 2 A 變壓器。作者 K3PTO。,做成 Arduino／ESP 開發用的多軌電源，加 USB 電壓電流顯示。,部分,易,LM2575／LM2673 無內建模型，需用廠商 SPICE 或平均模型；兩顆 IC 光華常見。,,
2,12 V 15 A 線性電源,專案,電源,中階,7,326,7.65–7.67,輸出電壓可調並有限流，無載到 15 A 的電壓變化通常小於 20 mV；加粗元件與更多通道電晶體可到 30 A 以上。作者 WA1TWX。,改成 13.8 V 做車用／野外電台備用電源。,可,易,2N3055 類通道電晶體與運放皆有模型。,,
3,13.8 V 5 A 線性電源,專案,電源,入門,7,331,7.68–7.73,LM338K 穩壓，具時間相依限流、短路保護、熱過載保護與輸出過壓保護，零件多半可在雜物箱找到。作者 G4YNM。含一個主動假負載測試電路。,加上假負載測試座，當成新手第一個電源專案。,部分,中,LM338 用行為模型（已驗證）；MC3423 需自建；TO-3 的 LM338K 較少，可改 LM338T。,spice/psu-13v8-fig7.69/netlist.cir,20 Vac 次級、5 A 滿載輸出 13.80 V；16 Vac 次級掉到約 12.1 V（壓差不足）。LM338 為行為模型，繞組電阻 0.1 Ω 是假設。
4,雙段高壓電源（3050 V／5400 V）,專案,電源,進階,7,333,7.74,為接地柵極 AB2 類三極管功率放大器設計，連續 1.5 A、尖峰 2 A，12 V 控制電路加步進啟動（step-start）限制湧入電流。作者 W1LC。,學習步進啟動與高壓洩放電阻的做法；有致命危險，需先讀安全章。,難,難,高壓電容與變壓器取得困難且有致命危險。,,
5,Micro M+ 太陽能充電控制器,專案,電源,入門,7,334,7.76,一個晚上能做完的光伏（PV）充電控制器，是 Micro M 的改良版，適合在家或野外使用。作者 WB8VGE。,搭配小太陽能板做露營／Field Day 供電。,部分,易,主要是運放與比較器，充電曲線需自己建模。,,
6,自動鉛酸電池充電器,專案,電源,中階,7,335,7.77–7.80,為 Elecraft K2 電池壽命問題而做的自動 SLA 充電器，有 PC 板與測試電壓源。作者 AA4PB。,改成鋰電池版需重新設計充電曲線。,部分,易,主要是運放與比較器，充電曲線需自己建模。,,
7,發電機過壓保護,專案,電源,中階,7,340,7.81–7.82,利用在 GFCI 負載側故意製造 10 mA 漏電（低於一般 5 mA 跳脫門檻），使發電機輸出過壓時 GFCI 快速跳脫。,可延伸為市電過壓偵測、延遲供電模組。,難,中,核心是 GFCI 行為，SPICE 難以模擬。,,
8,過壓 Crowbar 電路,專案,電源,入門,7,341,7.83,以 MC3423 過壓保護 IC 觸發大電流 SCR，過壓時直接短路電源輸出，當作穩壓器損壞時的最後防線。,任何自製電源都可以加裝的保險。,部分,中,MC3423 已停產，需找替代方案。,,
9,降壓／升壓／反激式轉換器,積木,電源,中階,7,304,7.30–7.43,介紹 buck、boost、buck-boost、flyback、forward、半橋／全橋推挽式轉換器，並有 TL494 推挽式應用範例。,用 TL494 做 12 V 升壓小電源。,部分,易,切換式控制 IC 要用平均模型。,,
10,整流與倍壓電路,積木,電源,入門,7,288,7.6–7.15,半波、全波、橋式整流，半波／全波倍壓、三倍／四倍壓與電流倍增接法。,小電流高壓：倍壓器做靜電或蓋革計數器電源。,可,易,基本二極體、LM317 皆易取得。,spice/doubler-fig7.10/netlist.cir,17 V 峰值輸入、100 mA 負載，輸出約 31.1 V（理想值 34 V 扣二極體壓降與紋波）。
11,線性穩壓：Zener、LM317、定電流,積木,電源,入門,7,298,7.19–7.29,Zener 穩壓、串聯通道電晶體（含達靈頓）、電流限制、三端穩壓 IC，LM317 可調輸出及加一顆電阻變定電流源，並說明擴流方式。,LM317 定電流源可做 LED 驅動或電池充電。,可,易,基本二極體、LM317 皆易取得。,spice/lm317-fig7.27/netlist.cir,R1=240 Ω、R2=1.2 kΩ 輸出 7.56 V，與公式一致。
12,N1UL 改良 Vackar VFO,專案,振盪器與合成器,進階,9,382,9.14A,耦合電容 8 pF、分壓電容 18 pF 將 10 µH + 50 pF 諧振器與電晶體隔離，後接緩衝級，在 5.5–6.6 MHz 寬調諧範圍內仍很穩定。,自製收發機的 VFO。,可,中,JFET／BJT 有模型；Miniductor、特殊電容要自找。,,
13,11.1 MHz 高穩定 VFO,專案,振盪器與合成器,進階,9,384,9.16,不用閘極箝位二極體，用 band-set／band-spread 電容取代減速機構，達到良好穩定度與輸出；L1 為 B&W 3041 空芯線圈。,練習 VFO 溫度補償與機械設計。,可,中,JFET／BJT 有模型；Miniductor、特殊電容要自找。,,
14,寬範圍 VXO,專案,振盪器與合成器,入門,9,395,9.27,在晶體振盪器上串聯可變電容，可在常用呼叫頻率附近微調數 kHz，穩定度佳。,QRP 發射機的頻率微調。,可,中,MPF102 停產，可改 J310 或 2N5486；模擬暫時未通過，見 wip。,,
15,基本串聯式與 Butler 晶體振盪器,積木,振盪器與合成器,入門,9,393,9.24–9.26,串聯模式晶體振盪器（可用 2N5179）、Butler 振盪器、串聯調諧 Colpitts。,晶體測試器、時脈產生。,可,中,2N5179 較少見，可用 2N3904／2N2222 替代；晶體需訂購頻率。,,
16,邏輯閘相移／晶體振盪器,積木,振盪器與合成器,入門,9,396,9.29,三級 RC 相移加反相放大器即可振盪，是商用收發機常見的側音（sidetone）振盪器；也介紹邏輯閘晶體振盪。,CW 練習機的側音。,可,易,74HC04、晶體與 2N3904 都容易買。,,
17,Colpitts、Hartley 與 BJT 振盪器,積木,振盪器與合成器,入門,9,380,9.12–9.13,Colpitts、串聯調諧 Colpitts、Hartley 的基本線路，並有三極管與雙極性電晶體的例子。,理解各種 LC 振盪器的起振條件。,可,易,74HC04、晶體與 2N3904 都容易買。,,
18,PLL 頻率合成器設計範例（10 GHz 轉換器 LO）,積木,振盪器與合成器,進階,9,404,9.37–9.54,PLL 方塊、相位偵測器、迴路放大器／濾波器、VCO 增益量測與完整的迴路補償放大器範例。,自製 PLL 本地振盪器。,難,難,PLL／微波元件，不適合自製。,,
19,混合 DDS／PLL 合成器,積木,振盪器與合成器,進階,15,650,15.35,DDS 提供最低位數、再加到分頻 N 的 PLL 迴路，兼顧解析度與雜訊。,用 DDS 模組做訊號源。,難,難,PLL／微波元件，不適合自製。,,
20,Tayloe 混頻／偵測器,積木,混頻與調變,中階,10,452,10.35–10.38,四位置旋轉開關加取樣電容，只需三、四顆 IC 就能做正交降頻器，成本不到 10 美元，是軟體無線電的常見前端。,SDR 接收前端：配合音效卡。,部分,中,74AC74 等數位元件偏行為模型，需另找取樣開關 IC。,,
21,NE602／SA602／SA612 吉爾伯特混頻器,積木,混頻與調變,入門,10,454,10.39–10.43,混頻＋振盪器 IC，適用接收混頻、發射混頻與平衡調變；含 7 MHz 直接轉換接收機、KX1 乘積偵測 AGC 與三種振盪器接法。,最容易上手的 HF 接收機核心。,部分,難,NE602／SA602 已停產，SA612 偶有現貨；無官方 SPICE 模型。,,
22,7 MHz 直接轉換接收機（SA602）,專案,混頻與調變,入門,10,456,10.44,以 NE602/SA602/612 為核心的 7 MHz 直接轉換接收機。,第一台自製接收機。,部分,難,NE602／SA602 已停產，SA612 偶有現貨；無官方 SPICE 模型。,,
23,MC1496P 平衡調變器＋麥克風放大,專案,混頻與調變,中階,10,457,10.45,9 MHz 平衡調變器，載波抑制超過 50 dB，音訊驅動輸出約保持在 −20 dBm，本地振盪 200–500 mV p-p。,做 DSB／SSB 產生器。,部分,中,MC1496 有網路模型；現貨需確認。,,
24,H-mode 切換式混頻器,專案,混頻與調變,進階,10,458,10.46,G3SBI Colin Horrabin 的實驗性高動態範圍混頻器，用四顆 RF MOSFET 當被動開關，後接 diplexer 與低損耗 roofing 晶體濾波器。,高動態範圍接收機前端。,部分,難,RF MOSFET 與 H-mode 變壓器需特殊零件。,,
25,二極體雙平衡混頻器＋ Diplexer,積木,混頻與調變,中階,10,444,10.22–10.27,二極體環混頻、三平衡混頻、埠間隔離，以及用電阻終端吸收不要頻率的 diplexer。,DBM 搭配 diplexer 改善 IMD。,可,中,二極體、JFET 有模型；環形變壓器要自繞。,,
26,JFET／BJT 主動混頻器,積木,混頻與調變,中階,10,450,"10.20, 10.29, 10.33–10.34",7 MHz JFET 前端（含 AGC 的 RF 放大）、並聯 2N3904 混頻、兩顆 2N4416 JFET 高動態範圍混頻、IC-765 的 2SK125 單平衡混頻。,電晶體混頻器比較實驗。,可,中,二極體、JFET 有模型；環形變壓器要自繞。,,
27,電抗調變器與 PLL 式調頻,積木,混頻與調變,中階,10,434,10.11–10.17,以變容二極體做電抗調變、PLL 式 FM、正交偵測，與 MC3359 FM 子系統 IC。,簡單 FM 發射機。,可,中,二極體、JFET 有模型；環形變壓器要自繞。,,
28,AM 調變器與包絡偵測器,積木,混頻與調變,入門,8,345,"8.1, 8.3",板極調變 AM 調變器、二極體包絡偵測器與同步偵測器方塊。,礦石收音機升級。,可,易,,,
29,I/Q 調變器與解調器,積木,混頻與調變,中階,8,353,"8.18, 8.20, 15.24–15.28",I/Q 調變／解調方塊，以及數位 SSB 調變器／解調器。,軟體無線電入門。,部分,中,,,
30,8.5 MHz 晶體梯形濾波器（SSB）,專案,濾波器,中階,11,504,11.11.1,選用 8.5 MHz 串聯晶體，讓 IF 位於 30、40 m 混頻後濾波較容易的位置，並降低 17 m 的二次諧波問題；晶體倒裝焊在導電底板上。,自製 SSB 收發機的 IF 濾波器。,可,中,晶體可用等效電路模擬；8.5 MHz 晶體需訂購。,,
31,廣播頻段拒斥濾波器,專案,濾波器,中階,11,505,11.11.2,串接在天線與接收機之間，衰減廣播電台但讓 1.8–30 MHz 訊號幾乎無損通過。,改善接收機的前端過載。,可,中,線圈與磁芯要自繞，磁芯多半需網購。,,
32,廣播電台 Wave Trap,專案,濾波器,入門,11,506,11.92–11.94,只有一顆線圈和一個可變電容的串聯諧振陷波器，與天線並聯；線圈在鐵氧體棒上繞 80 圈 30 SWG，C1 為 300 pF。,最簡單的干擾對策。,可,中,線圈與磁芯要自繞，磁芯多半需網購。,spice/wavetrap-fig11.92/netlist.cir,L 假設 200 µH，C1 為 300／100／40 pF 時陷波在 645 kHz／1.12 MHz／1.77 MHz，與公式相符。
33,最佳化諧波低通濾波器（80 m）,專案,濾波器,中階,11,507,11.95,類似 Cauer 設計，但元件值經最佳化；用於發射機輸出滿足諧波抑制規定。,各波段低通濾波器組。,可,中,電感電容可模擬；T-50 等磁芯要網購，電容選 NP0。,spice/lpf-80m-fig11.95/netlist.cir,−3 dB 約 4.49 MHz，3.75 MHz 插入損耗 0.01 dB，7.5 與 11.25 MHz 約 58 dB。元件值取自書中圖。
34,Diplexer 濾波器,專案,濾波器,中階,11,507,11.11.5,W0IYH 所寫，用於混頻器終端等應用。,降低混頻器終端失配。,可,中,電感電容可模擬；T-50 等磁芯要網購，電容選 NP0。,,
35,1.8–54 MHz 低成本低通濾波器,專案,濾波器,中階,11,510,11.100,K8CU 設計，插入損耗與 SWR 低，構造簡單、可處理法規上限功率，涵蓋 160–6 m，調整不需複雜儀器。,為功率放大器加裝。,可,中,電感電容可模擬；T-50 等磁芯要網購，電容選 NP0。,,
36,主動 RC 音訊濾波器,積木,濾波器,入門,11,481,"11.5.2, 12.49",用運算放大器做低通／高通／帶通，同時提供增益，不像 LC 濾波器易拾取交流嗡聲。,CW 窄頻音訊濾波器。,可,易,,,
37,MicroR2 SSB／CW 接收機,專案,接收機,中階,12,532,12.23–12.26,易製作的 SSB／CW 接收機，附方塊圖與完整原理圖、零件表（表 12.3）和降嗡聲的修改電路。,配 MicroT2 組成雙機。,部分,中,電晶體可模擬，晶體濾波器與特殊 IC 需另外處理。,,
38,SBL-1 混頻直接轉換接收機,專案,接收機,入門,12,524,12.9–12.11,以 SBL-1 混頻器（U1）為核心的直接轉換接收機，展示地平面與 PC 板兩種構造。,入門級自製接收機。,部分,難,SBL-1 需海外購買。,,
39,現代礦石收音機,積木,接收機,入門,12,518,12.2–12.4,以半導體二極體當檢波器的礦石收音機，並加入 RF／AF 放大改善靈敏度與選擇性。,給小孩的第一個無線電實驗。,可,易,,,
40,音訊衍生 AGC 電路,積木,接收機,中階,12,546,12.34–12.36,AGC 原理、增益可控放大器與整流器，用於音訊衍生 AGC。,改善接收機的音量穩定。,可,中,,,
41,雜訊限制器與雜訊消除器,積木,接收機,中階,12,547,12.6,對付脈衝雜訊的限制器與 noise blanker；窄濾波器會拉長短脈衝，故消除器要放在濾波器前。,電火花雜訊消除器。,部分,中,,,
42,NBFM 接收機 IC 組合,積木,接收機,入門,12,550,12.38,NE/SA5204A、NE/SA602A、NE/SA604A 與 LM386 組成窄頻 FM 接收鏈。,2 m FM 接收機。,部分,中,NE604 等已停產，需找替代。,,
43,2 m 轉 10 m 接收轉換器,積木,接收機,中階,12,549,12.37B,用現有 HF 接收機當可調 IF 接收 VHF。,VHF SSB／CW 弱訊號。,部分,中,,,
44,430 MHz GaAsFET 前置放大器,專案,接收機,進階,12,552,12.39,GaAsFET 低雜訊前置放大器的原理圖與構造細節。,提高弱訊號靈敏度。,難,難,微波，PCB 與寄生效應主導，SPICE 不可靠。,,
45,902–928 MHz（33 cm）降頻轉換器,專案,接收機,進階,12,553,12.40,降頻到現有 HF 或 2 m 接收機，附累積雜訊／增益分析；更高頻率可用兩次降頻提升鏡像抑制。,UHF 實驗。,難,難,微波，PCB 與寄生效應主導，SPICE 不可靠。,,
46,10 GHz 低雜訊前置放大器,積木,接收機,進階,12,554,12.41–12.43,微波技術示例：原理圖與 PC 板，以及微波接收機方塊圖。,微波入門。,難,難,微波，PCB 與寄生效應主導，SPICE 不可靠。,,
47,單級與兩級晶體控制 HF CW 發射機,積木,發射機,入門,13,563,13.10–13.11,簡單固態晶體控制發射機，再加一級放大與濾波以改善輸出與諧波。,最小的 QRP 發射機。,可,中,晶體與 RF 電晶體需替代品。,,
48,麥克風放大器,積木,發射機,入門,13,571,13.28,適合高／低阻抗麥克風的放大器原理圖。,自製 SSB 前級。,可,易,,,
49,音訊語音限幅器與壓縮器,積木,發射機,中階,13,572,13.29–13.30,簡單音訊限幅器與固態前饋語音壓縮器；另有 455 kHz IF 限幅器。,讓 SSB 語音更響。,可,易,,,
50,CW 波形整形與鍵控電路,積木,發射機,中階,13,576,13.36–13.37,適用於 SSB/CW 發射機的 CW 波形整形與鍵控，減少按鍵點擊。,自製發射機消除 key click。,可,易,,,
51,ALC 電路,積木,發射機,中階,13,578,13.38,附語音處理能力的 ALC 電路與保護方式。,避免放大器過驅動。,可,易,,,
52,MicroT2 SSB／CW 發射機（40 m）,專案,發射機,中階,13,580,13.39–13.43,附內建 VXO 的 40 m 版本，含 0.5 W 功放加低通濾波與鍵控電路，另有套件。作者 KK7B。,與 MicroR2 配成一組。,部分,中,晶體與 RF 電晶體需替代。,,
53,MKII QRP 發射機,專案,發射機,中階,13,583,13.44–13.48,具 VXO 頻率控制、收發切換與側音振盪器，裝在 LMB #138 盒子。,小型 QRP 野外電台。,部分,中,晶體與 RF 電晶體需替代。,,
54,頻率倍增器電路,積木,發射機,入門,13,568,13.25–13.26,二極體倍頻、JFET 推挽倍頻、階躍恢復二極體及變容二極體倍頻。,產生更高頻率。,可,中,晶體與 RF 電晶體需替代品。,,
55,MFJ Cub 40 m QRP 收發機套件,專案,收發機,入門,14,613,14.37–14.38,40 m 套件，ARRL 與 QRP 書捆綁販售，售價不到 100 美元。,最低門檻的收發機製作。,難,中,買套件而非自行設計。,,
56,TAK-40 SSB／CW 收發機,專案,收發機,進階,14,614,14.40,自製挑戰優勝作品；只需萬用表，軟體內建頻率計與可程式電壓源協助校準振盪器，只做 40 m 單頻。,用軟體簡化校準。,難,難,含軟體與大量專用零件。,,
57,HBR-2000 高性能 HF 收發機,專案,收發機,進階,14,617,14.41–14.47,VE7CA 的自製全功能 HF 收發機，含 100 W 功率放大板與 10 組低通濾波器，性能可與商用機競爭。,完整自製電台。,難,難,含軟體與大量專用零件。,,
58,收發機控制線性放大器的鍵控盒,積木,收發機,中階,14,612,14.36,讓現代收發機驅動線性放大器的外接盒。,改善 PTT 時序保護。,可,易,,,
59,250 W 寬頻線性放大器（1.8–55 MHz）,專案,功率放大器,進階,17,721,17.43–17.55,160–6 m 固態放大器，分三塊 PC 板：PA 模組、控制保護、LED 電表與低通濾波器，附雙音 IMD 測試。,學習固態功放整體設計。,部分,難,RF 功率 MOSFET 模型複雜，零件難取得。,,
60,3CX1500D7 線性放大器,專案,功率放大器,進階,17,733,17.56–17.61,附 RF 機箱、控制電路與電源，步進啟動保護整流橋堆，12 V 與 24 V 穩壓供電。,大功率真空管放大器。,難,難,真空管與高壓，不建議。,,
61,6 m 4CX1600B 千瓦放大器,專案,功率放大器,進階,17,740,17.62–17.66,利用高增益、低成本的 4CX1600B；輸入 85 pF、輸出 12 pF，另有 K6GT 高壓板極與穩壓螢幕電源。,6 m EME 或 DX。,難,難,真空管與高壓，不建議。,,
62,8877 接地柵極放大器設計範例,積木,功率放大器,進階,17,712,17.9,約 60 W 激勵可輸出 1500 W，說明輸入輸出電路、燈絲電源、板極扼流圈與槽路設計。,練習管子功放計算。,難,難,真空管與高壓，不建議。,,
63,真空管中和電路,積木,功率放大器,進階,17,709,17.28–17.30,橋式中和用 C1 抵消管子內部電容，或用寬頻變壓器中和。,防止放大器自激。,難,難,真空管與高壓，不建議。,,
64,射頻回授放大器,積木,功率放大器,中階,5,229,5.51–5.56,回授放大器基本電路與實用變化，含變壓器與集極輸出抽頭等接法。,寬頻 50 Ω 放大級。,可,中,,,
65,100 W 小型 Z-Match 天線調諧器,專案,天線與匹配,中階,24,1012,24.1,AD5X 設計，兩個旋鈕、可匹配各波段，100 W，小到可攜帶。,便攜式 HF 調諧器。,可,中,磁芯與可變電容要網購。,,
66,43 呎垂直天線 160／80 m 匹配網路,專案,天線與匹配,中階,24,1020,24.3,為 43 英尺垂直天線的 160 與 80 m 加上匹配網路，用接線柱跳線切換波段。,低頻段多頻天線。,可,中,磁芯與可變電容要網購。,,
67,43 呎垂直天線匹配網路切換,專案,天線與匹配,中階,24,1022,24.4,為上一個匹配網路加上遠端切換，避免需要手動接上。,遠端控制天線匹配。,可,中,磁芯與可變電容要網購。,,
68,L、Pi、T 型阻抗匹配網路,積木,天線與匹配,入門,5,231,5.57–5.59,L 網路、Pi 網路與 LCL T 網路，用來匹配複數阻抗。,任何放大器輸出匹配。,可,易,Pi 網路已驗證。,spice/pi-match-fig5.58/netlist.cir,50 Ω→200 Ω、7.1 MHz，失配損耗 0.002 dB；元件值依標準公式自行計算。
69,寬頻變壓器與 Guanella 扼流圈 balun,積木,天線與匹配,中階,5,234,5.62–5.64,傳統環形磁芯寬頻變壓器、雙孔磁芯，以及 1:1 傳輸線變壓器。,自製 balun／unun。,可,中,磁芯需網購。,,
70,微處理器控制 SWR 監視器,專案,介面與控制,進階,24,1015,"24.2, 24.8–24.10",K1QW 設計，用微處理器驅動類比電表，顯示順向／反射／淨功率與回波損耗；感測頭用 FT50-43 磁芯。,本版新增專案，適合結合微控制器。,難,中,含微控制器與軟體，只能模擬類比部分。,,
71,外部自動天線切換器（Yaesu／ICOM）,專案,介面與控制,中階,24,1025,24.22,將天線繼電器箱裝在塔上，只需一條饋線進入電台；讀取 Yaesu BCD 頻段資料（表 24.5）自動切換。,遠端天線選擇。,難,中,,,
72,低成本遠端天線切換器,專案,介面與控制,入門,24,1029,24.6,KO4NR 設計，說明繼電器選擇，原發表於 2005 年 4 月 QST。,簡單多天線切換。,可,易,,,
73,音頻天線電橋,專案,介面與控制,入門,24,1031,24.31,WA3ENK 設計，以聲音指示天線阻抗；對視障或開車調螺絲天線的人特別有用。,行動天線調整。,可,易,,,
74,三合一電台／電腦介面,專案,介面與控制,中階,24,1033,24.8,為電台外部電腦控制提供三種介面。,CAT 控制介面。,難,中,含微控制器與軟體，只能模擬類比部分。,,
75,簡易序列介面（RS-232 轉 TTL）,專案,介面與控制,入門,24,1036,24.9,N0XAS 設計，只需少量零件，避免單晶片 MAX232 型的缺點。,舊式電台連接電腦。,可,易,,,
76,USB 介面,專案,介面與控制,中階,24,1037,24.10,因電腦序列埠消失，提供 USB 轉換方案連接業餘電台設備。,USB 數位模式介面。,難,中,含微控制器與軟體，只能模擬類比部分。,,
77,萬用鍵控轉接器,專案,介面與控制,中階,24,1040,24.11,N0XAS 為修復 Heathkit HW-16 而做，隔離按鍵電壓避免觸電，可讓老電台使用電子鍵控器。,復古電台現代化。,可,易,,,
78,TiCK-4 微型 CMOS 鍵控器,專案,介面與控制,中階,24,1042,24.12,8 腳 PIC12CE674 微控制器做成的鍵控器。,PIC 鍵控器練習。,難,中,含微控制器與軟體，只能模擬類比部分。,,
79,ID-O-Matic 10 分鐘 ID 計時器,專案,介面與控制,入門,24,1045,24.13,N0XAS 設計，十分鐘提醒蜂鳴聲加視覺指示，適合 HF 與 simplex。,通聯提醒小工具。,部分,易,,,
80,音訊清晰度增強器,專案,介面與控制,入門,24,1047,24.57,N4GG 設計的簡單音訊處理器，改善清晰度，特別是高頻聽力下降者，也可在 DX pileup 中受益。,收音機的耳機增強。,部分,易,,,
81,Field Day 音訊介面,專案,介面與控制,入門,24,1051,24.63,K0IZ 設計，雙立體聲耳機孔、音量控制與外接喇叭，方便記錄員旁聽。,雙人操作輔助。,部分,易,,,
82,ULN2000 驅動陣列與 LM380 喇叭驅動,積木,類比基礎,入門,3,164,"3.87, 3.91",ULN2000 系列驅動陣列及內部電路，與 LM380 音訊功率驅動器。,控制繼電器、喇叭放大。,可,易,,,
83,Microwatter 終端式微瓦計,專案,測試與量測,中階,25,1067,25.12,W7DB 設計，可量測 −50 dBm（10 nW）到 −20 dBm（10 µW），精度 1 dB，頻率從廣播頻段到 2 m。,測試接收機靈敏度。,可,易,,,
84,可選輸出的標記產生器,專案,測試與量測,入門,25,1070,25.16,KB1MW 做的 100、50 或 25 kHz 間隔標記訊號，可到 2 m 頻段。,校準接收機刻度。,可,易,,,
85,數位顯示柵流表（Dip Meter）,專案,測試與量測,中階,25,1072,25.17–25.18,FET 振盪器、倍壓偵測器、直流偏移電路與放大器，加三位數頻率顯示。,找諧振電路頻率。,可,易,,,
86,寬範圍音訊振盪器（741）,專案,測試與量測,入門,25,1075,25.19–25.20,一顆 741 運算放大器，頻率 8 Hz–150 kHz，失真約 1%，雙 9 V 電池供電 4 mA。,音訊測試訊號源。,可,易,,,
87,用 DVM 測電感與電容,專案,測試與量測,入門,25,1076,25.5.4,簡單電路讓萬用表量測雜物箱未標示的 L 與 C，一晚上完成。,整理零件盒。,可,易,,,
88,窄頻示波器 HF 轉接器,專案,測試與量測,中階,25,1081,25.33,在 5 MHz 上限示波器上觀察 10 m 調變，使用 Mini-Circuits SRA 混頻器。,擴充便宜示波器。,可,中,,,
89,0.5–500 MHz 校準雜訊源,專案,測試與量測,中階,25,1082,25.34,用於接收機測試的校準雜訊源。,量測雜訊指數。,可,中,,,
90,接收機測試用訊號產生器（LC 3.7 MHz）,專案,測試與量測,中階,25,1086,25.41–25.42,低成本 LC 振盪器，穩定度略低於晶體但足以測量接收機。,接收機測量訊號源。,可,中,,,
91,訊號產生器用混合式合成器（Hybrid Combiner）,專案,測試與量測,中階,25,1088,25.5.9,兩台訊號源同時接入接收機時，隔離雙方避免相互調變。,IMD 雙音測試。,可,中,,,
92,補償式模組 RF 電壓計,專案,測試與量測,中階,25,1088,25.45–25.64,量測 100 mV–300 V、30 MHz 到音頻，精度 ±0.5 dB，含 RF 探棒與 10×、100×、2× 倍乘器。,自製 RF 探棒組。,可,中,,,
93,RF Sniffer（RF 嗅探器）,專案,測試與量測,入門,27,1182,27.10.1,偵測家中電器發出的干擾電磁輻射並讓你聽到雜訊。,找 RFI 來源。,可,易,,,
94,惠斯登電橋與歐姆表,積木,測試與量測,入門,25,1062,25.6–25.7,各種歐姆表與惠斯登電橋電路。,精密電阻比較。,可,易,,,
95,RF 探棒（二極體整流）,積木,測試與量測,入門,25,1066,25.11,電子伏特計用 RF 探棒原理圖。,示波器 RF 探棒。,可,易,,,
96,運算放大器基本組態,積木,類比基礎,入門,3,153,3.60–3.65,反相、非反相、電壓隨耦器、差動放大、儀表放大器與加法器。,感測器訊號調理。,可,易,,spice/opamp-basics-fig3.61/netlist.cir,非反相與反相兩組增益皆為 20.0 dB，非反相頻寬 99 kHz（GBW 1 MHz／10）。
97,比較器與遲滯（施密特觸發）,積木,類比基礎,入門,3,155,3.66–3.68,比較器輸出相對於反相輸入高低，加 R3 回授可造成設定點遲滯。,電池電壓偵測。,可,易,,,
98,精密整流與峰值偵測,積木,類比基礎,中階,3,156,3.70–3.72,運算放大器精密整流，加電容變峰值偵測器。,AM 偵測、電平表。,可,易,,,
99,對數放大器與電壓–電流轉換,積木,類比基礎,中階,3,157,3.73–3.74,小電壓時增益為 −Rf/Ri，二極體導通後壓縮；電壓轉電流使通過 R1 為 Vin/R1。,dB 顯示器。,可,易,,,
100,運算放大器主動濾波器,積木,類比基礎,入門,3,156,3.69,低通響應等同 RC 濾波器的主動版。,音訊濾波。,可,易,,,
101,BJT 放大器：CE、CB、射極隨耦器,積木,類比基礎,入門,3,140,3.35–3.48,三種組態的阻抗比較，固定偏壓、自偏壓、射極旁路、負載線，射極隨耦器電壓增益為 1，基極共接放大器電流增益為 1。,理解偏壓與組態。,可,易,,spice/ce-amp-fig3.44/netlist.cir,2N3904、Vcc 12 V，Ic 約 1.28 mA，中頻增益 42.4 dB；電阻值為自選，書上只給拓樸。
102,FET 放大器：共源、共汲、共閘,積木,類比基礎,入門,3,148,3.51–3.54,共源有自偏壓與旁路版；共閘常用作前置放大器。,RF 前置放大器。,可,易,,,
103,電晶體／MOSFET 驅動與緩衝,積木,類比基礎,入門,3,149,3.55–3.59,常見緩衝級的輸入／輸出阻抗、雙極與 MOSFET 驅動電路，與吸收暫態的 snubber RC。,驅動繼電器、LED。,可,易,,,
104,光電二極體放大與光耦合器,積木,類比基礎,入門,3,131,3.28–3.32,光電二極體加放大器電路，以及 LED＋光電晶體的隔離。,光感測、隔離輸出。,可,易,,,
105,Zener 與 Varactor 二極體電路,積木,類比基礎,入門,3,125,3.19–3.21,Zener 基本穩壓、變容二極體等效電路與整流電路。,電壓參考、電調諧。,可,易,,,
106,ADC／DAC 與 ADC 輸入緩衝濾波,積木,數位與 DSP,中階,3,160,3.75–3.84,逐次逼近、快閃、雙斜率、Delta 與 Sigma-Delta 轉換器，並有單端／差動輸入與緩衝濾波電路。,資料擷取前端。,部分,易,,,
107,MMIC 50 Ω 放大器,積木,類比基礎,入門,3,168,3.93,兩顆 MMIC 的典型電路，輸入輸出皆 50 Ω。,寬頻增益模組。,部分,中,MMIC 需 S 參數模型。,,
108,TTL／CMOS 介面與負載驅動,積木,數位與 DSP,入門,4,192,4.30–4.34,TTL 轉 CMOS、CMOS 轉 TTL 的上拉與電平移位，驅動繼電器等實際負載，ADC 與微控制器連接。,混用 3.3 V／5 V 邏輯。,部分,易,,,
109,FIR／IIR 與自適應數位濾波器,積木,數位與 DSP,進階,15,634,15.11–15.16,4 階與 6 階 FIR、IIR 結構及自適應濾波器。,DSP 降噪。,難,易,軟體處理，不是電路模擬。,,
110,軟體無線電接收機／數位下變頻器,積木,數位與 DSP,進階,15,647,15.30–15.32,K5SDR 直接轉換 SDR、直接 RF 取樣 SDR，與 AD6620 數位下變頻 IC。,SDR 入門。,難,易,軟體處理，不是電路模擬。,,
111,數位 AM 調變與正交偵測,積木,數位與 DSP,進階,15,651,15.37–15.38,數位 AM 調變器與數位正交偵測器。,用軟體實作調變。,難,易,軟體處理，不是電路模擬。,,
